title,author,abstract,keywords1,key2,key3
Optimizing Neural Network Training with Stochastic Gradient Descent,John Smith,"This paper proposes a new method for optimizing neural network training using stochastic gradient descent.",neural network, optimization, stochastic gradient descent
A Survey of Machine Learning Techniques for Fraud Detection,Jane Doe,"This paper reviews the current state of the art in machine learning techniques for fraud detection.",machine learning, fraud detection
A Comparative Study of Hashing Algorithms for Password Storage,David Johnson,"This paper compares the performance and security of different hashing algorithms for storing passwords.",passwords, hashing, security
A Review of Natural Language Processing Techniques for Sentiment Analysis,Sara Lee,"This paper surveys the current state of the art in natural language processing techniques for sentiment analysis.",natural language processing, sentiment analysis
A Study of Performance Tuning Techniques for Relational Database Management Systems,Adam Chen,"This paper examines various performance tuning techniques for relational database management systems.",performance tuning, relational databases
A Review of Privacy-Preserving Data Mining Techniques,Emily Liu,"This paper surveys the current state of the art in privacy-preserving data mining techniques.",privacy-preserving, data mining
An Analysis of Performance Metrics for Cloud Computing Services,Michael Brown,"This paper evaluates different performance metrics for cloud computing services.",cloud computing, performance evaluation
A Comparative Study of Graph Neural Network Architectures for Node Classification,James Kim,"This paper compares the performance of different graph neural network architectures for node classification tasks.",graph neural networks, node classification
A Survey of Cybersecurity Threats and Countermeasures in Internet of Things (IoT) Networks,Stephanie Wang,"This paper reviews the current state of the art in cybersecurity threats and countermeasures in Internet of Things (IoT) networks.",cybersecurity, Internet of Things
A Study of Convolutional Neural Networks for Image Classification,Olamilekan Adekunle,"This paper investigates the performance of convolutional neural networks for image classification tasks.",convolutional neural networks, image classification
An Evaluation of Blockchain Technology for Supply Chain Management,Ayomiposi Adeniyi,"This paper examines the potential of blockchain technology for improving supply chain management.",blockchain, supply chain management
A Review of Deep Learning Techniques for Speech Recognition,Micheal Johnson,"This paper surveys the current state of the art in deep learning techniques for speech recognition.",deep learning, speech recognition
An Analysis of Software Testing Techniques for Object-Oriented Programs,David Lee,"This paper compares different software testing techniques for object-oriented programs.",software testing, object-oriented programming
A Study of Machine Learning Approaches for Credit Scoring,Heritage Adeyemi,"This paper investigates the effectiveness of different machine learning approaches for credit scoring.",machine learning, credit scoring
A Comparative Study of Cloud Computing Platforms for Big Data Processing,Samuel Smith,"This paper compares the performance and cost of different cloud computing platforms for big data processing.",cloud computing, big data
A Review of Transfer Learning Techniques for Natural Language Processing,Bolu Adedeji,"This paper surveys the current state of the art in transfer learning techniques for natural language processing.",transfer learning, natural language processing
A Study of NoSQL Databases for Web Applications,Busayo Adewale,"This paper examines the performance and scalability of NoSQL databases for web applications.",NoSQL, web applications
An Analysis of Cryptocurrency Mining Algorithms,Goodness Afolabi,"This paper compares the performance and energy efficiency of different cryptocurrency mining algorithms.",cryptocurrency, mining, energy efficiency
A Comparative Study of Machine Learning Models for Recommender Systems,John Smith,"This paper compares the performance of different machine learning models for recommender systems.",machine learning, recommender systems
A Review of Machine Learning Techniques for Diagnosis and Prognosis of Alzheimer's Disease,Olufunke Adekunle,"This paper surveys the current state of the art in machine learning techniques for the diagnosis and prognosis of Alzheimer's disease.",machine learning, Alzheimer's disease
An Analysis of Wearable Health Monitoring Devices for Cardiovascular Disease Management,Adebayo Adeyemi,"This paper examines the effectiveness of wearable health monitoring devices for cardiovascular disease management.",wearable health monitoring, cardiovascular disease
A Comparative Study of Deep Learning Models for Medical Image Analysis,Oluwaseun Balogun,"This paper compares the performance of different deep learning models for medical image analysis tasks.",deep learning, medical imaging
A Review of Telemedicine Technologies for Remote Patient Monitoring,Folake Akinwande,"This paper surveys the current state of the art in telemedicine technologies for remote patient monitoring.",telemedicine, remote patient monitoring
A Study of Electronic Health Record Systems for Healthcare Data Management,Chinenye Chukwu,"This paper examines the benefits and challenges of electronic health record systems for healthcare data management.",electronic health records, data management
An Analysis of Clinical Decision Support Systems for Medical Diagnosis and Treatment,Foluso Adebayo,"This paper compares the effectiveness of different clinical decision support systems for medical diagnosis and treatment.",clinical decision support systems, medical diagnosis, treatment
A Comparative Study of Artificial Intelligence Techniques for Medical Diagnosis,Adanna Okonkwo,"This paper compares the performance of different artificial intelligence techniques for medical diagnosis.",artificial intelligence, medical diagnosis
A Review of mHealth Applications for Chronic Disease Management,Temitope Adeyemo,"This paper surveys the current state of the art in mobile health (mHealth) applications for chronic disease management.",mHealth, chronic disease management
A Study of Health Information Exchange Systems for Patient-Centered Care,Chidinma Obi,"This paper examines the benefits and challenges of health information exchange systems for patient-centered care.",health information exchange, patient-centered care
An Analysis of Data Mining Techniques for Healthcare Fraud Detection,Chiamaka Ikechukwu,"This paper evaluates the effectiveness of different data mining techniques for healthcare fraud detection.",data mining, healthcare fraud detection
A Study of the Effect of Green Buildings on Property Value,Olumide Akindele,"This paper examines the effect of green buildings on property value and provides recommendations for investors.",green buildings, property value
An Analysis of Real Estate Investment Trusts (REITs) Performance in Emerging Markets,Bolanle Adebayo,"This paper analyzes the performance of Real Estate Investment Trusts (REITs) in emerging markets and identifies factors that affect their performance.",REITs, emerging markets
A Study of the Relationship between Land Use and Housing Prices,Adeoluwa Adeleke,"This paper examines the relationship between land use and housing prices in urban areas and provides insights for policymakers.",land use, housing prices
A Comparative Study of Property Management Strategies for Commercial Real Estate,Emmanuel Ojo,"This paper compares the effectiveness of different property management strategies for commercial real estate.",property management, commercial real estate
A Review of Sustainable Real Estate Development Practices,Taiwo Adeyemo,"This paper surveys the current state of the art in sustainable real estate development practices and provides recommendations for real estate developers.",sustainable real estate development, real estate developers
An Analysis of the Impact of Airbnb on Housing Markets,Chinwe Okonkwo,"This paper analyzes the impact of Airbnb on housing markets and provides insights for policymakers.",Airbnb, housing markets
A Study of Real Estate Crowdfunding Platforms for Small Investors,Chidimma Obi,"This paper examines the benefits and challenges of real estate crowdfunding platforms for small investors and provides recommendations for investors.",real estate crowdfunding, small investors
A Comparative Study of Real Estate Valuation Methods for Commercial Properties,Oluwatobi Balogun,"This paper compares the effectiveness of different real estate valuation methods for commercial properties.",real estate valuation, commercial properties
A Review of Property Tax Policies and their Impact on Real Estate Markets,Adebimpe Adekunle,"This paper surveys the current state of property tax policies and their impact on real estate markets and provides recommendations for policymakers.",property tax policies, real estate markets
An Analysis of Real Estate Market Cycles and their Impact on Investment Performance,Bunmi Ojo,"This paper analyzes real estate market cycles and their impact on investment performance and provides recommendations for real estate investors.",real estate market cycles, investment performance
A Comparative Study of Organic and Conventional Farming Practices,Olumide Akindele,"This paper compares the environmental and economic performance of organic and conventional farming practices.",organic farming, conventional farming
A Study of the Impact of Climate Change on Crop Yields in Sub-Saharan Africa,Ayomiposi Oluwafemi,"This paper analyzes the impact of climate change on crop yields in Sub-Saharan Africa and provides recommendations for policymakers.",climate change, crop yields
An Analysis of the Factors that Influence Farmers' Adoption of New Technologies,Micheal Olawale,"This paper identifies the factors that influence farmers' adoption of new technologies and provides recommendations for agricultural extension workers.",technology adoption, agricultural extension
A Review of Sustainable Agriculture Practices for Small-Scale Farmers,David Oluwatobi,"This paper surveys the current state of the art in sustainable agriculture practices for small-scale farmers and provides recommendations for policymakers.",sustainable agriculture, small-scale farmers
A Study of the Relationship between Soil Fertility and Crop Productivity,Heritage Adebayo,"This paper examines the relationship between soil fertility and crop productivity and provides insights for farmers and policymakers.",soil fertility, crop productivity
A Comparative Study of Fertilizer Use Efficiency in Different Farming Systems,Samuel Adewale,"This paper compares the efficiency of fertilizer use in different farming systems and provides recommendations for farmers.",fertilizer use efficiency, farming systems
A Review of Precision Agriculture Technologies and their Potential for Improving Crop Yields,Bolu Adekunle,"This paper surveys the current state of precision agriculture technologies and their potential for improving crop yields and provides recommendations for farmers and policymakers.",precision agriculture, crop yields
An Analysis of the Role of Agricultural Cooperatives in Enhancing Smallholder Farmers' Incomes,Busayo Obi,"This paper analyzes the role of agricultural cooperatives in enhancing smallholder farmers' incomes and provides recommendations for policymakers and agricultural extension workers.",agricultural cooperatives, smallholder farmers
A Study of the Impact of Agricultural Extension Services on Farmers' Knowledge and Adoption of Technologies,Goodness Adeyemi,"This paper examines the impact of agricultural extension services on farmers' knowledge and adoption of technologies and provides insights for policymakers.",agricultural extension, technology adoption
A Comparative Study of the Economics of Large-Scale versus Small-Scale Farming in Developing Countries,Chidimma Balogun,"This paper compares the economic viability of large-scale versus small-scale farming in developing countries and provides recommendations for policymakers.",large-scale farming, small-scale farming
A Study of the Impact of Oil and Gas Exploration on the Environment,Olamilekan Adeyemi,"This paper analyzes the impact of oil and gas exploration on the environment and provides recommendations for mitigating its effects.",oil and gas exploration, environmental impact
A Comparative Analysis of Renewable Energy Sources and Fossil Fuels in the Context of Climate Change,Ayomiposi Adebayo,"This paper compares the environmental impact and economic viability of renewable energy sources and fossil fuels in the context of climate change and provides insights for policymakers.",renewable energy, fossil fuels, climate change
An Analysis of the Role of Oil and Gas Companies in Corporate Social Responsibility,Michael Okeke,"This paper examines the role of oil and gas companies in corporate social responsibility and provides insights for policymakers.",oil and gas companies, corporate social responsibility
A Study of the Impact of Political Instability on Oil and Gas Production in Developing Countries,David Ojo,"This paper analyzes the impact of political instability on oil and gas production in developing countries and provides recommendations for mitigating its effects.",political instability, oil and gas production
An Analysis of the Economics of Offshore Oil and Gas Drilling,Heritage Akindele,"This paper examines the economics of offshore oil and gas drilling and provides recommendations for policymakers.",offshore drilling, oil and gas economics
A Comparative Study of the Efficiency of Different Oil and Gas Extraction Technologies,Samuel Balogun,"This paper compares the efficiency of different oil and gas extraction technologies and provides recommendations for improving their performance.",oil and gas extraction, technology efficiency
A Study of the Impact of Oil Price Volatility on the Global Economy,Bolu Adekunle,"This paper analyzes the impact of oil price volatility on the global economy and provides insights for policymakers and investors.",oil price volatility, global economy
An Analysis of the Role of Natural Gas in the Transition to a Low-Carbon Economy,Busayo Oluwaseun,"This paper examines the role of natural gas in the transition to a low-carbon economy and provides recommendations for policymakers.",natural gas, low-carbon economy
A Review of the Safety and Environmental Risks of Oil and Gas Pipelines,Goodness Olumide,"This paper surveys the current state of knowledge on the safety and environmental risks of oil and gas pipelines and provides recommendations for mitigating these risks.",oil and gas pipelines, safety and environmental risks
A Study of the Impact of Renewable Energy Policies on Oil and Gas Markets,Chidimma Adegoke,"This paper analyzes the impact of renewable energy policies on oil and gas markets and provides insights for policymakers and investors.",renewable energy policies, oil and gas markets
A Comparative Study of the Efficiency of Different Investment Strategies,Olumide Akindele,"This paper compares the efficiency of different investment strategies and provides recommendations for individual investors and institutional investors.",investment strategies, efficiency
A Study of the Impact of Financial Regulation on Economic Growth in Developing Countries,Ayomiposi Oluwafemi,"This paper analyzes the impact of financial regulation on economic growth in developing countries and provides recommendations for policymakers.",financial regulation, economic growth
An Analysis of the Economics of Cryptocurrencies,Michael Olawale,"This paper examines the economics of cryptocurrencies and provides insights for investors and regulators.",cryptocurrencies, economics
A Review of Behavioral Finance Research,David Oluwatobi,"This paper surveys the current state of knowledge in behavioral finance research and provides insights for individual investors and institutional investors.",behavioral finance, investor behavior
An Analysis of the Impact of Financial Market Volatility on the Real Economy,Heritage Osagie,"This paper analyzes the impact of financial market volatility on the real economy and provides recommendations for policymakers.",financial market volatility, real economy
A Study of the Impact of Interest Rate Policy on Consumer Behavior,Samuel Adejare,"This paper examines the impact of interest rate policy on consumer behavior and provides recommendations for policymakers and financial institutions.",interest rate policy, consumer behavior
A Comparative Study of the Performance of Different Investment Vehicles,Bolu Adetunji,"This paper compares the performance of different investment vehicles, such as stocks, bonds, and mutual funds, and provides recommendations for individual investors and institutional investors.",investment vehicles, performance
A Study of the Impact of Foreign Direct Investment on Economic Growth, Busayo Ogundele,"This paper analyzes the impact of foreign direct investment on economic growth and provides insights for policymakers and investors.",foreign direct investment, economic growth
An Analysis of the Efficiency of the Stock Market in Allocating Capital,Goodness Okonkwo,"This paper examines the efficiency of the stock market in allocating capital and provides insights for individual investors and institutional investors.",stock market efficiency, capital allocation
A Study of the Impact of Corporate Social Responsibility on Financial Performance,Chidimma Adegoke,"This paper analyzes the impact of corporate social responsibility on financial performance and provides insights for investors and corporate managers.",corporate social responsibility, financial performance